fyear,series,ac_code,try,sub_name,int_rate,basic_pay,nomination,ddo_name,dob
31-03-2024,"IAS",741,"CAL PAO-III","AMITAVA BANERJEE  ","7.1,7.1,7.1,7.1",165100,"Y","A.O. DEPARTMENT OF  PLANNING, GOVT. OF W.B. ADD",09-09-1966
31-03-2024,"IAS",417,"","SANJEEV CHOPRA  ","7.1,7.1,7.1,7.1",,"Y","",03-03-1961
31-03-2024,"IAS",489,"CAL PAO-I","MANOJ PANT  ","7.1,7.1,7.1,7.1",225000,"N","ASST.SECRETARY, FINANCE DEPTT. ADD",30-06-1965
31-03-2024,"IAS",693,"CAL PAO-III","NITYA SUNDAR TRIVEDI  ","7.1,7.1,7.1,7.1",,"N","REGISTRAR, FOOD PROS. IND & HORTICULTURE DEPT ADD",20-09-1960
31-03-2024,"IAS",722,"CAL PAO-I","GHOLAM HASAN OBAIDUR RAHMAN  ","7.1,7.1,7.1,7.1",205600,"N","ASST.SECY.,M.A. AND  M.E.DEPTT. ADD",17-06-1964
31-03-2024,"IAS",472,"CAL PAO-III","MANOJ KUMAR AGARWAL  ","7.1,7.1,7.1,7.1",225000,"Y","REGISTRAR & D.D.O., F& ES DEPARTMENT ADD",31-12-1962
31-03-2024,"IAS",707,"CAL PAO-I","SUNRITA HAZRA  ","7.1,7.1,7.1,7.1",193800,"N","ASST.SECY,COMMERCE  AND  INDUSTRIES DEPTT. ADD",29-09-1964
31-03-2024,"IAS",698,"CAL PAO-III","KAUSHIK HALDER  ","7.1,7.1,7.1,7.1",193800,"Y","ASSTT. SECY., SCHOOL EDUCATION DEPT. ADD",27-08-1964
31-03-2024,"IAS",426,"","SUNIL KUMAR GUPTA  ","7.1,7.1,7.1,7.1",,"Y","PAO (CABINET AFFAIRS), C-1,HUTMENTS DALHOUISE ROAD, NEW DELHI-110011",05-12-1963
31-03-2024,"IAS",716,"SILIGURI-I","NARBU WANGDI BHUTIA  ","7.1,7.1,7.1,7.1",,"N","ASSISTANT SECRETARY  N B DEV. DEPT.  ADD",09-04-1963
31-03-2024,"IAS",712,"CAL PAO-I","ATONU CHATTERJEE  ","7.1,7.1,7.1,7.1",,"Y","P.A. TO REGR.CO-OPERATIVE SOCIETIES,W.B. ADD",06-03-1963
31-03-2024,"IAS",441,"","INDEVAR PANDEY  ","7.1,7.1,7.1,7.1",,"Y","PAO, MINISTRY OF WOMEN & CHILD DEVELOPMENT, SHASTRI BHAWAN, ND",10-02-1964
31-03-2024,"IAS",747,"","ATANU MAJUMDAR  ","7.1,7.1,7.1,7.1",186200,"Y","",14-01-1965
31-03-2024,"IAS",451,"CAL PAO-III","S. SURESH KUMAR  ","7.1,7.1,7.1,7.1",225000,"Y","REGISTRAR, POWER AND NES DEPARTMENT ADD",25-05-1966
31-03-2024,"IAS",450,"CAL PAO-I","HARI KRISHNA DWIVEDI  ","7.1,7.1,7.1,7.1",225000,"Y","DY SECRETARY AND DDO P&AR DEPTT ADD",20-06-1963
31-03-2024,"IAS",433,"CAL PAO-II","TALLEEN KUMAR  ","7.1,7.1,7.1,7.1",,"Y","A.O.DEPTT.OF SPACE,PAY &A/CS OFFICER. ",28-07-1963
31-03-2024,"IAS",760,"","PROBHUDUTTA DAVID PRADHAN  ","7.1,7.1,7.1,7.1",199600,"Y","",28-03-1964
31-03-2024,"IAS",765,"","BISWAJIT DUTTA  ","7.1,7.1,7.1,7.1",193800,"Y","",04-11-1964
31-03-2024,"IAS",759,"","AJAY BHATTACHARYYA  ","7.1,7.1,7.1,7.1",199600,"N","",17-04-1964
31-03-2024,"IAS",728,"CAL PAO-I","UTTAM KUMAR PATRA  ","7.1,7.1,7.1,7.1",186200,"N","DY.DIRECTOR.,YOUTH SERVICE DEPTT. ADD",14-09-1965
31-03-2024,"IAS",467,"CAL PAO-III","ANIL VERMA  ","7.1,7.1,7.1,7.1",225000,"Y","O.S.D.,W.B. VALUATION BOARD ",28-12-1965
31-03-2024,"IAS",756,"","SUBHRA CHAKRABARTI  ","7.1,7.1,7.1,7.1",193800,"N","",25-12-1965
31-03-2024,"IAS",777,"","DEBAL KUMAR GHOSH  ","7.1,7.1,7.1,7.1",170100,"Y","",01-10-1964
31-03-2024,"IAS",737,"ALIPORE-II","DEBASHIS DAS  ","7.1,7.1,7.1,7.1",199600,"Y","JOINT DIRECTOR,HEAD QUARTER, D.L.R&S, WB ADD",12-03-1965
31-03-2024,"IAS",465,"CAL PAO-I","AJIT RANJAN BARDHAN  ","7.1,7.1,7.1,7.1",225000,"Y","REGISTRAR,NORTH BENGAL DEVLP.DEPT. ADD",04-05-1964
31-03-2024,"IAS",470,"","CHANDAN SINHA  ","7.1,7.1,7.1,7.1",,"N","PAO, DEPTT. OF CULTURE, NEW DELHI",16-03-1963
31-03-2024,"IAS",738,"CAL PAO-I","SIDDHARTHA MISRA  ","7.1,7.1,7.1,7.1",186200,"Y","ASST.SECRETARY, FINANCE DEPTT. ADD",29-06-1966
31-03-2024,"IAS",724,"CAL PAO-I","AJOY SANYAMATH  ","7.1,7.1,7.1,7.1",193800,"Y","REGISTRAR & D.D.O.L & L.R.DEPTT.W.B. ADD",10-04-1964
31-03-2024,"IAS",458,"CAL PAO-III","ATRI BHATTACHARYA  ","7.1,7.1,7.1,7.1",225000,"Y","REGISTRAR., SUNDARBAN AFFAIRS DEPTT. ADD",07-04-1966
31-03-2024,"IAS",454,"CAL PAO-I","BHAGAWATI PRASAD GOPALIKA  ","7.1,7.1,7.1,7.1",225000,"Y","D.D.O./ASTT.SECRETARY,HOME DEPTT. ADD",01-06-1964
31-03-2024,"IAS",533,"CAL PAO-II","A. SUBBIAH  ","7.1,7.1,7.1,7.1",,"N","REGISTRAR AGRI. MARKETING DEPT. ADD",30-05-1963
31-03-2024,"IAS",749,"","ESHA SENGUPTA  ","7.1,7.1,7.1,7.1",165400,"Y","",25-01-1964
31-03-2024,"IAS",733,"CAL PAO-III","SOUMYA PURKAIT  ","7.1,7.1,7.1,7.1",186200,"N","ASST.SECY. HEALTH & FAMILY WELFARE DEPARTMENT ADD",25-12-1967
31-03-2024,"IAS",725,"","SHAKEEL AHMED  ","7.1,7.1,7.1,7.1",,"Y","",22-03-1964
31-03-2024,"IAS",726,"CAL PAO-I","DIPIKA SANYAMATH  ","7.1,7.1,7.1,7.1",186200,"Y","REGISTRAR, AGRICULTURE DEPTT. ADD",16-12-1967
31-03-2024,"IAS",758,"","DIPANKAR SINHA  ","7.1,7.1,7.1,7.1",199600,"Y","",17-06-1965
31-03-2024,"IAS",496,"CAL PAO-III","VIVEK KUMAR  ","7.1,7.1,7.1,7.1",225000,"Y","REGISTRAR, DEPARTMENT OF FOREST ADD",21-02-1966
31-03-2024,"IAS",752,"","DIPANKAR CHOWDHURY  ","7.1,7.1,7.1,7.1",186200,"Y","",22-06-1966
31-03-2024,"IAS",492,"CAL PAO-III","HIRDYESH MOHAN  ","7.1,7.1,7.1,7.1",225000,"N","REGISTRAR, SCIENCE & TECHNOLOGY & BIOTECHNOLOGY DEPT. ADD",11-12-1965
31-03-2024,"IAS",468,"CAL PAO-III","SUBRATA GUPTA  ","7.1,7.1,7.1,7.1",225000,"Y","REGISTRAR, FOOD PROS. IND & HORTICULTURE DEPT ADD",31-05-1965
31-03-2024,"IAS",764,"","SANTANU SAHA  ","7.1,7.1,7.1,7.1",180800,"N","",07-10-1964
31-03-2024,"IAS",732,"","NILANJAN SANDILYA  ","7.1,7.1,7.1,7.1",191800,"Y","",03-03-1965
31-03-2024,"IAS",757,"","SRISTIDHAR SANTRA  ","7.1,7.1,7.1,7.1",186200,"Y","",02-11-1963
31-03-2024,"IAS",729,"CAL PAO-III","MAHUA BANERJEE  ","7.1,7.1,7.1,7.1",191800,"Y","ASST.SECY. HEALTH & FAMILY WELFARE DEPARTMENT ADD",02-01-1964
31-03-2024,"IAS",755,"","DEBASIS GHOSH  ","7.1,7.1,7.1,7.1",191800,"Y","",07-01-1964
31-03-2024,"IAS",734,"","ALOKESH PROSAD ROY  ","7.1,7.1,7.1,7.1",,"Y","",26-12-1964
31-03-2024,"IAS",750,"","MITALI BANDYOPADHYAY  ","7.1,7.1,7.1,7.1",180800,"Y","",21-11-1964
31-03-2024,"IAS",740,"CAL PAO-I","KHALID AIZAZ ANWAR  ","7.1,7.1,7.1,7.1",175500,"Y","JT.DIRECTOR OF TRY.& ACCOUNTS W.B. ADD",15-11-1966
31-03-2024,"IAS",742,"CAL PAO-III","JAYANTA KUMAR AIKAT  ","7.1,7.1,7.1,7.1",186200,"Y","ASSTT.DIRECTOR,DTE OF FOOD PROCESSING  IND ADD",03-09-1963
31-03-2024,"IAS",476,"CAL PAO-I","AARIZ AFTAB  ","7.1,7.1,7.1,7.1",225000,"Y","OFFICER ON SPECIAL DUTY. HOME(C AND E) DEPTT. ADD",24-12-1964
31-03-2024,"IAS",748,"","SHEO KUMAR RAM  ","7.1,7.1,7.1,7.1",186200,"Y","",09-12-1963
31-03-2024,"IAS",730,"CAL PAO-I","UTPAL BISWAS  ","7.1,7.1,7.1,7.1",191800,"Y","OFFICER ON SPECIAL DUTY, PE & IR DEPARTMENT ADD",25-09-1965
31-03-2024,"IAS",480,"CAL PAO-III","KRISHNA GUPTA  ","7.1,7.1,7.1,7.1",225000,"Y","REGISTRAR, TECH. EDN. & TRAINING DEPT. ADD",22-06-1966
31-03-2024,"IAS",746,"","GAUTAM MAJUMDAR  ","7.1,7.1,7.1,7.1",191800,"Y","",24-04-1964
31-03-2024,"IAS",754,"","PRANITA SHEWA(NEE)PARIYAR  ","7.1,7.1,7.1,7.1",186200,"Y","",02-07-1964
31-03-2024,"IAS",785,"","SASIM KUMAR BARAI  ","7.1,7.1,7.1,7.1",170100,"Y","",10-12-1966
31-03-2024,"IAS",786,"","DIBYENDU DAS  ","7.1,7.1,7.1,7.1",170100,"Y","",18-01-1968
31-03-2024,"IAS",739,"CAL PAO-III","MD IKHLAQUE ISLAM  ","7.1,7.1,7.1,7.1",165100,"Y","REGISTRAR, TECH. EDN. & TRAINING DEPT. ADD",28-02-1965
31-03-2024,"IAS",781,"","SUDESHNA PRAMANIK GUPTA  ","7.1,7.1,7.1,7.1",170100,"Y","",02-05-1966
31-03-2024,"IAS",744,"CAL PAO-III","SUJATA GHOSH  ","7.1,7.1,7.1,7.1",165100,"Y","A.O.URBAN DEVELOPMENT, WEST BENGAL ADD",01-01-1968
31-03-2024,"IAS",782,"","SATYAJIT SEN  ","7.1,7.1,7.1,7.1",,"Y","",02-01-1966
31-03-2024,"IAS",511,"CAL PAO-I","BARUN KUMAR RAY  ","7.1,7.1,7.1,7.1",225000,"N","ASSTT.SECRETARY, LABOUR DEPTT. ADD",19-02-1967
31-03-2024,"IAS",761,"","NILANJANA DASGUPTA  ","7.1,7.1,7.1,7.1",180800,"Y","",22-11-1964
31-03-2024,"IAS",780,"","SITAL CHANDRA MONDAL  ","7.1,7.1,7.1,7.1",170100,"Y","",12-10-1965
31-03-2024,"IAS",735,"ALIPORE-I","LALITA AGARWALA  ","7.1,7.1,7.1,7.1",165100,"Y","SECRETARY W.B. INFORMATION COMMISSION, 24-PGS. SOUTH",10-10-1967
31-03-2024,"IAS",794,"","SILADITYA BASURAY  ","7.1,7.1,7.1,7.1",,"Y","",06-11-1965
31-03-2024,"IAS",778,"","ARUP SENGUPTA  ","7.1,7.1,7.1,7.1",,"Y","",25-02-1966
31-03-2024,"IAS",751,"","RITENDRA NARAYAN BASU ROYCHOWDHURY  ","7.1,7.1,7.1,7.1",165100,"Y","",19-04-1969
31-03-2024,"IAS",784,"","AMIT ROY CHAUDHURY  ","7.1,7.1,7.1,7.1",170100,"Y","",10-06-1966
31-03-2024,"IAS",763,"","JAYDIP MUKHOPADHYAY  ","7.1,7.1,7.1,7.1",165100,"Y","",09-06-1966
31-03-2024,"IAS",795,"","SONAM WANGDI BHUTIA  ","7.1,7.1,7.1,7.1",,"N","",25-05-1968
31-03-2024,"IAS",743,"CAL PAO-II","PARTHAPRATIM MANNA  ","7.1,7.1,7.1,7.1",165100,"Y","A.O., W.B. BACKWARD CLASSES DEV.& FINANCE CORPN. ",05-02-1966
31-03-2024,"IAS",753,"","KRISHNENDU SADHUKHAN  ","7.1,7.1,7.1,7.1",191800,"N","",02-01-1965
31-03-2024,"IAS",736,"BIDHANNAGAR","SUJAY SARKAR  ","7.1,7.1,7.1,7.1",165100,"Y","A.O. C.M.U. ADD",22-12-1968
31-03-2024,"IAS",776,"","SUKTISITA BHATTACHARYA  ","7.1,7.1,7.1,7.1",170100,"Y","",28-06-1965
31-03-2024,"IAS",783,"","BIJIT KUMAR DHAR  ","7.1,7.1,7.1,7.1",165100,"Y","",30-08-1965
31-03-2024,"IAS",774,"","MUKESH KUMAR SINGH  ","7.1,7.1,7.1,7.1",165100,"Y","",10-09-1965
31-03-2024,"IAS",769,"","ASITA MISRA  ","7.1,7.1,7.1,7.1",165100,"Y","",06-08-1970
31-03-2024,"IAS",773,"","SUSANTA KUMAR ADHIKARI  ","7.1,7.1,7.1,7.1",170100,"Y","",22-02-1967
31-03-2024,"IAS",498,"CAL PAO-I","ROSHNI SEN  ","7.1,7.1,7.1,7.1",224100,"Y","ACCOUNTS OFFICER CONSUMER AFFAIRS",28-06-1966
31-03-2024,"IAS",779,"","ARUNDHATI SARKAR  ","7.1,7.1,7.1,7.1",165100,"Y","",23-04-1966
31-03-2024,"IAS",770,"","CHAITALI CHAKRABARTI  ","7.1,7.1,7.1,7.1",165100,"Y","",24-03-1970
31-03-2024,"IAS",767,"","SHAKIL AHMED  ","7.1,7.1,7.1,7.1",165100,"N","",21-06-1969
31-03-2024,"IAS",766,"","SUDEEP MITRA  ","7.1,7.1,7.1,7.1",165100,"Y","",22-02-1967
31-03-2024,"IAS",510,"CAL PAO-III","ANOOP KUMAR AGRAWALA  ","7.1,7.1,7.1,7.1",224100,"Y","REGISTRAR, MASS EDN. EXTN & LIBRARY SERVICES ADD",01-07-1971
31-03-2024,"IAS",771,"","DEBJANI DATTA  ","7.1,7.1,7.1,7.1",165100,"Y","",05-12-1969
31-03-2024,"IAS",772,"","UTPAL BHADRA  ","7.1,7.1,7.1,7.1",165100,"Y","",02-07-1967
31-03-2024,"IAS",497,"CAL PAO-III","PRABHAT KUMAR MISHRA  ","7.1,7.1,7.1,7.1",224100,"Y","REGISTRAR,I.& W.DEPTT. ADD",21-01-1967
31-03-2024,"IAS",775,"","ATANU KUMAR RAY  ","7.1,7.1,7.1,7.1",170100,"Y","",27-02-1965
31-03-2024,"IAS",529,"CAL PAO-I","NANDINI CHAKRAVORTY  ","7.1,7.1,7.1,7.1",224100,"Y","SPECIAL SECRETARY GOVERNOR'S SECRETARIAT",10-06-1969
31-03-2024,"IAS",506,"CAL PAO-I","DUSHYANT NARIALA  ","7.1,7.1,7.1,7.1",224100,"Y","DY. CONTROLLER KOLKATA",02-06-1967
31-03-2024,"IAS",527,"CAL PAO-III","MANISH JAIN  ","7.1,7.1,7.1,7.1",224100,"Y","ASSTT. SECY., SCHOOL EDUCATION DEPT. ADD",25-03-1970
31-03-2024,"IAS",715,"CAL PAO-I","RAVI INDER SINGH  ","7.1,7.1,7.1,7.1",224100,"Y","REGISTRAR.,SHG  AND  SE DEPTT. ADD",20-12-1967
31-03-2024,"IAS",555,"CAL PAO-III","RAJEEV KUMAR  ","7.1,7.1,7.1,7.1",211300,"Y","JT.DIRECTOR(A/C), A.T.I., SALT LAKE ADD",05-08-1969
31-03-2024,"IAS",528,"CAL PAO-I","RAJESH PANDEY  ","7.1,7.1,7.1,7.1",224100,"Y","REGISTRAR, M.S. & M.E. & TEXTILES DEPTT. ADD",29-06-1972
31-03-2024,"IAS",537,"CAL PAO-II","BINOD KUMAR  ","7.1,7.1,7.1,7.1",211300,"Y","MPL. ACCOUNTANT, FIN. & ACCT. DEPTT. KMC ",06-02-1974
31-03-2024,"IAS",543,"CAL PAO-III","SANGHAMITRA GHOSH  ","7.1,7.1,7.1,7.1",211300,"Y","REGISTRAR, W & C.D.& S. W. DEPTT. ADD",11-01-1970
31-03-2024,"IAS",545,"CAL PAO-I","ONKAR SINGH MEENA  ","7.1,7.1,7.1,7.1",211300,"Y","REGISTRAR, AGRICULTURE DEPTT. ADD",20-07-1970
31-03-2024,"IAS",762,"","DEBABRATA CHAKRABORTY  ","7.1,7.1,7.1,7.1",165100,"N","",10-05-1966
31-03-2024,"IAS",540,"CAL PAO-I","RAJESH KR. SINHA  ","7.1,7.1,7.1,7.1",211300,"N","SPL. OFFICER, HOUSING DEPTT.(A.E.) BR. ADD",30-11-1971
31-03-2024,"IAS",548,"CAL PAO-III","SURENDRA GUPTA  ","7.1,7.1,7.1,7.1",211300,"Y","OSD, P.H.E DEPARTMENT ADD",05-05-1971
31-03-2024,"IAS",558,"CAL PAO-II","PARWEZ AHMED SIDDIQUI  ","7.1,7.1,7.1,7.1",188200,"Y","ACCOUNTS OFFICER F&S DEPTT.",12-01-1971
31-03-2024,"IAS",560,"","PUNEET YADAV  ","7.1,7.1,7.1,7.1",,"Y","PAO, U.P.S.C., NEW DELHI",18-09-1974
31-03-2024,"IAS",570,"CAL PAO-III","CHOTEN DHENDUP LAMA  ","7.1,7.1,7.1,7.1",188200,"Y","OFFICER ON SPECIAL DUTY, TRIBAL DEVELOPMENT DEPARTMENT ADD",30-12-1972
31-03-2024,"IAS",569,"CAL PAO-I","MD. GHULAM ALI ANSARI  ","7.1,7.1,7.1,7.1",177400,"Y","ASST.SECY.,M.A. AND  M.E.DEPTT. ADD",21-01-1974
31-03-2024,"IAS",565,"CAL PAO-II","SANTANU BASU  ","7.1,7.1,7.1,7.1",172200,"Y","ASSTT.CASH OFFICER,W.B.S.E.D.C.L. ",11-09-1974
31-03-2024,"IAS",577,"CAL PAO-III","ABHINAV CHANDRA  ","7.1,7.1,7.1,7.1",172200,"N","OSD, P.H.E DEPARTMENT ADD",20-12-1976
31-03-2024,"IAS",572,"CAL PAO-II","MANMEET NANDA  ","7.1,7.1,7.1,7.1",,"Y","D.D.O.,LOKSBHA ,NEW DELHI ",18-04-1973
31-03-2024,"IAS",581,"CAL PAO-II","P. B. SALIM  ","7.1,7.1,7.1,7.1",177400,"N","SR.MANAGER(F&A)CORPORATE WBPDCL ",15-03-1973
31-03-2024,"IAS",584,"CAL PAO-I","ASVINI KUMAR YADAV  ","7.1,7.1,7.1,7.1",172200,"N","DY.DIRECTOR, BCW(HQ-ESTT) FOR DIR.B.C.W, W.B. ADD",15-06-1971
31-03-2024,"IAS",586,"CAL PAO-I","SAUMITRA MOHAN  ","7.1,7.1,7.1,7.1",167200,"Y","REGISTRAR,TOURISM DEPTT. ADD",04-04-1973
31-03-2024,"IAS",579,"CAL PAO-III","AVANINDRA SINGH  ","7.1,7.1,7.1,7.1",167200,"Y","REGISTRAR, FISHERIES DEPT. ADD",15-11-1971
31-03-2024,"IAS",580,"CAL PAO-I","SMARAKI MAHAPATRA  ","7.1,7.1,7.1,7.1",167200,"N","REGISTRAR & D.D.O.L & L.R.DEPTT.W.B. ADD",23-01-1976
31-03-2024,"IAS",596,"CAL PAO-III","ARCHANA  ","7.1,7.1,7.1,7.1",167200,"Y","REGISTRAR & DDO ANIMAL RESOURCE DEV DEPT ADD",30-09-1977
31-03-2024,"IAS",791,"","SHUBHANJAN DAS  ","7.1,7.1,7.1,7.1",,"Y","",20-11-1976
31-03-2024,"IAS",788,"","SMITA PANDEY  ","7.1,7.1,7.1,7.1",,"Y","",01-03-1976
31-03-2024,"IAS",793,"","VIJAY BHARTI  ","7.1,7.1,7.1,7.1",,"Y","",07-02-1976
31-03-2024,"IAS",643,"CAL PAO-III","ULAGANATHAN P.  ","7.1,7.1,7.1,7.1",153000,"N","DEPUTY SECRETARY, DEPARTMENT OF PANCHYATS & RURAL DEVOLOPMENT ADD",09-04-1976
31-03-2024,"IAS",637,"","VELUOHURI RATNAKARA RAO  ","7.1,7.1,7.1,7.1",,"N","",23-07-1980
31-03-2024,"IAS",621,"CAL PAO-III","GODALA KIRAN KUMAR  ","7.1,7.1,7.1,7.1",105600,"N","JT.DIRECTOR(A/C), A.T.I., SALT LAKE ADD",10-11-1975
31-03-2024,"IAS",640,"CAL PAO-I","C. MURUGAN  ","7.1,7.1,7.1,7.1",148500,"Y","ASST.SECY,COMMERCE  AND  INDUSTRIES DEPTT. ADD",07-05-1976
31-03-2024,"IAS",792,"","V. LALITHALAKSHMI  ","7.1,7.1,7.1,7.1",,"N","",25-11-1978
31-03-2024,"IAS",787,"","P. MOHANGANDHI  ","7.1,7.1,7.1,7.1",,"N","",01-06-1978
31-03-2024,"IAS",790,"","JAGDISH PRASAD MEENA  ","7.1,7.1,7.1,7.1",,"N","",20-05-1971
31-03-2024,"IAS",554,"CAL PAO-I","VANDANA YADAV  ","7.1,7.1,7.1,7.1",205100,"Y","ASST.SECY,COMMERCE  AND  INDUSTRIES DEPTT. ADD",10-02-1972
31-03-2024,"IAS",567,"CAL PAO-III","NEELAM MEENA  ","7.1,7.1,7.1,7.1",205100,"Y","REGISTRAR,ENVIRONMENT DEPTT. ADD",05-02-1970
31-03-2024,"IAS",661,"CAL PAO-III","SANJAY BANSAL  ","7.1,7.1,7.1,7.1",162300,"Y","REGISTRAR, BACKWARD CLASSES WELFARE DEPTT. ADD",10-02-1975
31-03-2024,"IAS",673,"CAL PAO-III","TAPAN KANTI RUDRA  ","7.1,7.1,7.1,7.1",188200,"Y","ASST.SECY. HEALTH & FAMILY WELFARE DEPARTMENT ADD",05-09-1963
31-03-2024,"IAS",727,"CAL PAO-III","UJJAINI DATTA  ","7.1,7.1,7.1,7.1",,"Y","A.O. DEPARTMENT OF  PLANNING, GOVT. OF W.B. ADD",12-05-1962
31-03-2024,"IAS",473,"","VIVEK BHARADWAJ  ","7.1,7.1,7.1,7.1",,"Y","PAO. MINISTRY OF STEEL&MINES, DEPTT. OF MINES,NEW DELHI",29-07-1966
31-03-2024,"IAS",745,"","KAUSHICK SAHA  ","7.1,7.1,7.1,7.1",,"Y","",08-04-1966
31-03-2024,"IAS",789,"","CHANDANI TUDU  ","7.1,7.1,7.1,7.1",191800,"Y","",14-04-1967
31-03-2024,"IAS",513,"CAL PAO-III","KANWALJIT SINGH CHEEMA  ","7.1,7.1,7.1,7.1",224100,"Y","DEPUTY STATE EDITOR,W B DIST.GAZETTEERS ADD",
31-03-2024,"IAS",531,"CAL PAO-III","KHALIL AHMED  ","7.1,7.1,7.1,7.1",224100,"Y","A.O.URBAN DEVELOPMENT, WEST BENGAL ADD",16-11-1966
31-03-2024,"IAS",551,"CAL PAO-III","NARAYAN SWAROOP NIGAM  ","7.1,7.1,7.1,7.1",205100,"Y","ASST.SECY. HEALTH & FAMILY WELFARE DEPARTMENT ADD",25-12-1973
31-03-2024,"IAS",713,"CAL PAO-III","BIJAN MANDAL  ","7.1,7.1,7.1,7.1",,"N","OFFICER ON SPECIAL DUTY, TRIBAL DEVELOPMENT DEPARTMENT ADD",03-01-1963
31-03-2024,"IAS",768,"","JAIDEEP DUTTA GUPTA  ","7.1,7.1,7.1,7.1",312092,"Y","",02-04-1965
